migration_rate,p_malignancy,delay_factor,p_escaped,p_no_escape
0.0,0.37588,0.9754,0.5743,0.4257
0.001,0.36702,0.9795,0.5816,0.4184
0.005,0.3368,0.9761,0.6151,0.3849
0.01,0.30483,0.9754,0.6476,0.3524
0.02,0.2671,0.9803,0.6917,0.3083
0.05,0.22637,1.0256,0.7622,0.2378
